<?xml version="1.0" encoding="UTF-8"?>
<beans xmlns="http://www.springframework.org/schema/beans"
       xmlns:util="http://www.springframework.org/schema/util"
       xmlns:aop="http://www.springframework.org/schema/aop"
       xmlns:xsi="http://www.w3.org/2001/XMLSchema-instance"
       xsi:schemaLocation="
       http://www.springframework.org/schema/beans http://www.springframework.org/schema/beans/spring-beans.xsd
       http://www.springframework.org/schema/util http://www.springframework.org/schema/util/spring-util.xsd
       http://www.springframework.org/schema/aop http://www.springframework.org/schema/aop/spring-aop.xsd">
	
	
	<!-- 缓存管理器 使用Ehcache实现 -->
	<!-- <bean id="cacheManager" class="org.apache.shiro.cache.ehcache.EhCacheManager">
		<property name="cacheManagerConfigFile" value="classpath:ehcache-shiro.xml" />
	</bean> -->
	
	
	<bean id="securityManager" class="org.apache.shiro.web.mgt.DefaultWebSecurityManager">
		<!--认证管理器-->
		 <property name="realm" ref="myRe" />
		<!-- 缓存管理器 -->
        <!-- <property name="cacheManager" ref="cacheManager" /> -->
        <!-- rememberMe管理器 -->
        
	</bean>

    <bean id="shiroFilter" class="org.apache.shiro.spring.web.ShiroFilterFactoryBean">
        <property name="securityManager" ref="securityManager"/>
        <property name="loginUrl" value="/login.jsp"/>
        <property name="successUrl" value="/page/main.action"/>
       
        <property name="filterChainDefinitions">
            <value>
            	/static/** = anon
            	/login.jsp = anon
            	/index.jsp = anon
             <!-- 表示访问该地址的用户是身份验证通过或RememberMe登录的都可以 -->
            	<!-- /** = authc  表示访问该地址用户必须身份验证通过-->
            </value>
        </property>
    </bean>
    
    <!-- Post processor that automatically invokes init() and destroy() methods -->
   <!--  <bean id="lifecycleBeanPostProcessor" class="org.apache.shiro.spring.LifecycleBeanPostProcessor"/> -->
    
</beans>