<?xml version="1.0" encoding="UTF-8"?>
<beans xmlns="http://www.springframework.org/schema/beans"
	xmlns:mvc="http://www.springframework.org/schema/mvc" xmlns:xsi="http://www.w3.org/2001/XMLSchema-instance"
	xmlns:p="http://www.springframework.org/schema/p" xmlns:context="http://www.springframework.org/schema/context"
	xsi:schemaLocation="http://www.springframework.org/schema/beans   
            http://www.springframework.org/schema/beans/spring-beans-4.3.xsd   
            http://www.springframework.org/schema/context   
            http://www.springframework.org/schema/context/spring-context-4.3.xsd   
            http://www.springframework.org/schema/mvc   
            http://www.springframework.org/schema/mvc/spring-mvc-4.3.xsd">
	<context:component-scan base-package="zz.controller" />

	<!-- 以下为SpringMVC配置 -->
	<mvc:annotation-driven>
		<!-- 返回json数据，@response使用 -->
		<mvc:message-converters register-defaults="true">
			<bean
				class="org.springframework.http.converter.json.MappingJackson2HttpMessageConverter">
				<property name="supportedMediaTypes">
					<list>
						<value>text/html;charset=UTF-8</value>
						<value>application/json;charset=UTF-8</value>
					</list>
				</property>

			</bean>
		</mvc:message-converters>
	</mvc:annotation-driven>

	<!-- 对模型视图名称的解析，即在模型视图名称添加前后缀 -->
	<bean
		class="org.springframework.web.servlet.view.InternalResourceViewResolver">
		<property name="viewClass"
			value="org.springframework.web.servlet.view.JstlView" />
		<property name="prefix" value="/" />
		<property name="suffix" value=".jsp" />
	</bean>
	
	<bean id="lifecycleBeanPostProcessor" class="org.apache.shiro.spring.LifecycleBeanPostProcessor"/>  
  
    <!-- Enable Shiro Annotations for Spring-configured beans.  Only run after  
         the lifecycleBeanProcessor has run: -->  
    <bean class="org.springframework.aop.framework.autoproxy.DefaultAdvisorAutoProxyCreator"  
          depends-on="lifecycleBeanPostProcessor"/>  
    <bean class="org.apache.shiro.spring.security.interceptor.AuthorizationAttributeSourceAdvisor">  
        <property name="securityManager" ref="securityManager"/>  
    </bean>  
</beans>